Date,Sunrise,Sunset,Civbegin,Civend
01/07/2012,334,2004,247,2051
02/07/2012,334,2004,248,2050
03/07/2012,335,2003,249,2050
04/07/2012,336,2003,250,2049
05/07/2012,337,2002,251,2048
06/07/2012,338,2002,252,2048
07/07/2012,339,2001,253,2047
08/07/2012,340,2000,254,2046
09/07/2012,341,2000,255,2045
10/07/2012,342,1959,256,2044
11/07/2012,343,1958,258,2043
12/07/2012,344,1957,259,2042
13/07/2012,345,1956,300,2041
14/07/2012,346,1955,301,2040
15/07/2012,347,1954,303,2038
16/07/2012,348,1953,304,2037
17/07/2012,350,1952,306,2036
18/07/2012,351,1951,307,2035
19/07/2012,352,1950,309,2033
20/07/2012,353,1949,310,2032
21/07/2012,355,1948,312,2030
22/07/2012,356,1946,313,2029
23/07/2012,357,1945,315,2027
24/07/2012,359,1944,317,2026
25/07/2012,400,1942,318,2024
26/07/2012,402,1941,320,2022
27/07/2012,403,1939,321,2021
28/07/2012,404,1938,323,2019
29/07/2012,406,1936,325,2017
30/07/2012,407,1935,327,2015
31/07/2012,409,1933,328,2013
01/08/2012,410,1932,330,2012
02/08/2012,412,1930,332,2010
03/08/2012,413,1928,333,2008
04/08/2012,415,1927,335,2006
05/08/2012,416,1925,337,2004
06/08/2012,418,1923,339,2002
07/08/2012,419,1921,340,2000
08/08/2012,421,1919,342,1958
09/08/2012,422,1918,344,1956
10/08/2012,424,1916,346,1954
11/08/2012,426,1914,347,1952
12/08/2012,427,1912,349,1950
13/08/2012,429,1910,351,1948
14/08/2012,430,1908,353,1945
15/08/2012,432,1906,354,1943
16/08/2012,433,1904,356,1941
17/08/2012,435,1902,358,1939
18/08/2012,437,1900,400,1937
19/08/2012,438,1858,401,1935
20/08/2012,440,1856,403,1932
21/08/2012,441,1854,405,1930
22/08/2012,443,1852,407,1928
23/08/2012,444,1850,408,1926
24/08/2012,446,1848,410,1923
25/08/2012,448,1846,412,1921
26/08/2012,449,1843,414,1919
27/08/2012,451,1841,415,1916
28/08/2012,452,1839,417,1914
29/08/2012,454,1837,419,1912
30/08/2012,455,1835,420,1910
31/08/2012,457,1833,422,1907
01/09/2012,459,1830,424,1905
02/09/2012,500,1828,426,1903
03/09/2012,502,1826,427,1900
04/09/2012,503,1824,429,1858
05/09/2012,505,1821,431,1856
06/09/2012,506,1819,432,1853
07/09/2012,508,1817,434,1851
08/09/2012,510,1815,436,1849
09/09/2012,511,1812,437,1846
10/09/2012,513,1810,439,1844
11/09/2012,514,1808,441,1842
12/09/2012,516,1806,442,1839
13/09/2012,517,1803,444,1837
14/09/2012,519,1801,445,1834
15/09/2012,521,1759,447,1832
16/09/2012,522,1756,449,1830
17/09/2012,524,1754,450,1827
18/09/2012,525,1752,452,1825
19/09/2012,527,1750,454,1823
20/09/2012,529,1747,455,1820
21/09/2012,530,1745,457,1818
22/09/2012,532,1743,459,1816
23/09/2012,533,1740,500,1813
24/09/2012,535,1738,502,1811
25/09/2012,537,1736,503,1809
26/09/2012,538,1734,505,1807
27/09/2012,540,1731,507,1804
28/09/2012,541,1729,508,1802
29/09/2012,543,1727,510,1800
30/09/2012,545,1724,511,1757
01/10/2012,546,1722,513,1755
02/10/2012,548,1720,515,1753
03/10/2012,549,1718,516,1751
04/10/2012,551,1715,518,1749
05/10/2012,553,1713,519,1746
06/10/2012,554,1711,521,1744
07/10/2012,556,1709,523,1742
08/10/2012,558,1707,524,1740
09/10/2012,559,1704,526,1738
10/10/2012,601,1702,528,1735
11/10/2012,603,1700,529,1733
12/10/2012,604,1658,531,1731
13/10/2012,606,1656,532,1729
14/10/2012,608,1654,534,1727
15/10/2012,609,1652,536,1725
16/10/2012,611,1649,537,1723
17/10/2012,613,1647,539,1721
18/10/2012,614,1645,541,1719
19/10/2012,616,1643,542,1717
20/10/2012,618,1641,544,1715
21/10/2012,619,1639,546,1713
22/10/2012,621,1637,547,1711
23/10/2012,623,1635,549,1709
24/10/2012,625,1633,550,1707
25/10/2012,626,1631,552,1705
26/10/2012,628,1629,554,1704
27/10/2012,630,1627,555,1702
28/10/2012,632,1625,557,1700
29/10/2012,633,1624,559,1658
30/10/2012,635,1622,600,1657
31/10/2012,637,1620,602,1655
01/11/2012,639,1618,604,1653
02/11/2012,640,1616,605,1651
03/11/2012,642,1615,607,1650
04/11/2012,644,1613,608,1648
05/11/2012,646,1611,610,1647
06/11/2012,647,1610,612,1645
07/11/2012,649,1608,613,1644
08/11/2012,651,1606,615,1642
09/11/2012,653,1605,617,1641
10/11/2012,654,1603,618,1639
11/11/2012,656,1602,620,1638
12/11/2012,658,1600,621,1637
13/11/2012,659,1559,623,1635
14/11/2012,701,1558,624,1634
15/11/2012,703,1556,626,1633
16/11/2012,705,1555,628,1632
17/11/2012,706,1554,629,1631
18/11/2012,708,1552,631,1630
19/11/2012,710,1551,632,1628
20/11/2012,711,1550,634,1627
21/11/2012,713,1549,635,1627
22/11/2012,714,1548,637,1626
23/11/2012,716,1547,638,1625
24/11/2012,718,1546,640,1624
25/11/2012,719,1545,641,1623
26/11/2012,721,1544,642,1622
27/11/2012,722,1543,644,1622
28/11/2012,724,1543,645,1621
29/11/2012,725,1542,646,1620
30/11/2012,726,1541,648,1620
01/12/2012,728,1540,649,1619
02/12/2012,729,1540,650,1619
03/12/2012,730,1539,651,1618
04/12/2012,732,1539,653,1618
05/12/2012,733,1539,654,1618
06/12/2012,734,1538,655,1617
07/12/2012,735,1538,656,1617
08/12/2012,737,1538,657,1617
09/12/2012,738,1537,658,1617
10/12/2012,739,1537,659,1617
11/12/2012,740,1537,700,1617
12/12/2012,741,1537,701,1617
13/12/2012,742,1537,702,1617
14/12/2012,743,1537,703,1617
15/12/2012,743,1537,703,1617
16/12/2012,744,1538,704,1618
17/12/2012,745,1538,705,1618
18/12/2012,746,1538,706,1618
19/12/2012,746,1539,706,1619
20/12/2012,747,1539,707,1619
21/12/2012,747,1540,707,1619
22/12/2012,748,1540,708,1620
23/12/2012,748,1541,708,1621
24/12/2012,749,1541,709,1621
25/12/2012,749,1542,709,1622
26/12/2012,749,1543,709,1623
27/12/2012,749,1544,709,1623
28/12/2012,750,1544,710,1624
29/12/2012,750,1545,710,1625
30/12/2012,750,1546,710,1626
31/12/2012,750,1547,710,1627
01/01/2013,750,1548,710,1628
02/01/2013,749,1549,710,1629
03/01/2013,749,1550,710,1630
04/01/2013,749,1552,710,1631
05/01/2013,749,1553,709,1632
06/01/2013,748,1554,709,1633
07/01/2013,748,1555,709,1634
08/01/2013,748,1557,709,1636
09/01/2013,747,1558,708,1637
10/01/2013,747,1559,708,1638
11/01/2013,746,1601,707,1639
12/01/2013,745,1602,707,1641
13/01/2013,745,1604,706,1642
14/01/2013,744,1605,705,1644
15/01/2013,743,1607,705,1645
16/01/2013,742,1608,704,1646
17/01/2013,741,1610,703,1648
18/01/2013,740,1611,702,1649
19/01/2013,739,1613,702,1651
20/01/2013,738,1615,701,1652
21/01/2013,737,1616,700,1654
22/01/2013,736,1618,659,1655
23/01/2013,735,1620,658,1657
24/01/2013,734,1622,657,1659
25/01/2013,732,1623,655,1700
26/01/2013,731,1625,654,1702
27/01/2013,730,1627,653,1703
28/01/2013,728,1628,652,1705
29/01/2013,727,1630,651,1707
30/01/2013,725,1632,649,1708
31/01/2013,724,1634,648,1710
01/02/2013,722,1636,647,1712
02/02/2013,721,1637,645,1713
03/02/2013,719,1639,644,1715
04/02/2013,718,1641,642,1717
05/02/2013,716,1643,641,1718
06/02/2013,714,1645,639,1720
07/02/2013,713,1646,638,1722
08/02/2013,711,1648,636,1723
09/02/2013,709,1650,634,1725
10/02/2013,707,1652,633,1727
11/02/2013,706,1654,631,1729
12/02/2013,704,1656,629,1730
13/02/2013,702,1657,627,1732
14/02/2013,700,1659,626,1734
15/02/2013,658,1701,624,1735
16/02/2013,656,1703,622,1737
17/02/2013,654,1705,620,1739
18/02/2013,652,1706,618,1741
19/02/2013,651,1708,616,1742
20/02/2013,649,1710,615,1744
21/02/2013,647,1712,613,1746
22/02/2013,644,1714,611,1747
23/02/2013,642,1715,609,1749
24/02/2013,640,1717,607,1751
25/02/2013,638,1719,605,1752
26/02/2013,636,1721,603,1754
27/02/2013,634,1722,601,1756
28/02/2013,632,1724,559,1758
01/03/2013,630,1726,557,1759
02/03/2013,628,1728,554,1801
03/03/2013,626,1729,552,1803
04/03/2013,623,1731,550,1804
05/03/2013,621,1733,548,1806
06/03/2013,619,1735,546,1808
07/03/2013,617,1736,544,1809
08/03/2013,615,1738,542,1811
09/03/2013,612,1740,539,1813
10/03/2013,610,1741,537,1815
11/03/2013,608,1743,535,1816
12/03/2013,606,1745,533,1818
13/03/2013,603,1747,530,1820
14/03/2013,601,1748,528,1821
15/03/2013,559,1750,526,1823
16/03/2013,557,1752,524,1825
17/03/2013,555,1753,521,1826
18/03/2013,552,1755,519,1828
19/03/2013,550,1757,517,1830
20/03/2013,548,1758,515,1832
21/03/2013,545,1800,512,1833
22/03/2013,543,1802,510,1835
23/03/2013,541,1803,508,1837
24/03/2013,539,1805,505,1838
25/03/2013,536,1807,503,1840
26/03/2013,534,1808,501,1842
27/03/2013,532,1810,458,1844
28/03/2013,530,1812,456,1845
29/03/2013,527,1813,454,1847
30/03/2013,525,1815,452,1849
31/03/2013,523,1817,449,1850
01/04/2013,521,1818,447,1852
02/04/2013,518,1820,445,1854
03/04/2013,516,1822,442,1856
04/04/2013,514,1823,440,1857
05/04/2013,512,1825,438,1859
06/04/2013,509,1827,435,1901
07/04/2013,507,1828,433,1903
08/04/2013,505,1830,431,1904
09/04/2013,503,1832,428,1906
10/04/2013,501,1833,426,1908
11/04/2013,458,1835,424,1910
12/04/2013,456,1837,421,1912
13/04/2013,454,1838,419,1913
14/04/2013,452,1840,417,1915
15/04/2013,450,1842,415,1917
16/04/2013,448,1843,412,1919
17/04/2013,446,1845,410,1920
18/04/2013,443,1846,408,1922
19/04/2013,441,1848,406,1924
20/04/2013,439,1850,403,1926
21/04/2013,437,1851,401,1928
22/04/2013,435,1853,359,1930
23/04/2013,433,1855,357,1931
24/04/2013,431,1856,355,1933
25/04/2013,429,1858,352,1935
26/04/2013,427,1900,350,1937
27/04/2013,425,1901,348,1939
28/04/2013,423,1903,346,1941
29/04/2013,421,1905,344,1942
30/04/2013,419,1906,342,1944
01/05/2013,418,1908,340,1946
02/05/2013,416,1909,338,1948
03/05/2013,414,1911,336,1950
04/05/2013,412,1913,334,1951
05/05/2013,410,1914,332,1953
06/05/2013,409,1916,330,1955
07/05/2013,407,1917,328,1957
08/05/2013,405,1919,326,1959
09/05/2013,404,1921,324,2000
10/05/2013,402,1922,322,2002
11/05/2013,400,1924,320,2004
12/05/2013,359,1925,318,2006
13/05/2013,357,1927,317,2008
14/05/2013,356,1928,315,2009
15/05/2013,354,1930,313,2011
16/05/2013,353,1931,311,2013
17/05/2013,351,1933,310,2014
18/05/2013,350,1934,308,2016
19/05/2013,349,1935,307,2018
20/05/2013,347,1937,305,2019
21/05/2013,346,1938,303,2021
22/05/2013,345,1940,302,2023
23/05/2013,344,1941,301,2024
24/05/2013,342,1942,259,2026
25/05/2013,341,1944,258,2027
26/05/2013,340,1945,257,2029
27/05/2013,339,1946,255,2030
28/05/2013,338,1947,254,2032
29/05/2013,337,1948,253,2033
30/05/2013,336,1950,252,2034
31/05/2013,336,1951,251,2036
01/06/2013,335,1952,250,2037
02/06/2013,334,1953,249,2038
03/06/2013,333,1954,248,2039
04/06/2013,333,1955,247,2041
05/06/2013,332,1956,246,2042
06/06/2013,332,1957,246,2043
07/06/2013,331,1957,245,2044
08/06/2013,331,1958,244,2045
09/06/2013,330,1959,244,2046
10/06/2013,330,2000,243,2046
11/06/2013,329,2000,243,2047
12/06/2013,329,2001,242,2048
13/06/2013,329,2002,242,2049
14/06/2013,329,2002,242,2049
15/06/2013,329,2003,242,2050
16/06/2013,329,2003,242,2050
17/06/2013,329,2004,241,2051
18/06/2013,329,2004,241,2051
19/06/2013,329,2004,242,2052
20/06/2013,329,2005,242,2052
21/06/2013,329,2005,242,2052
22/06/2013,329,2005,242,2052
23/06/2013,330,2005,242,2052
24/06/2013,330,2005,243,2052
25/06/2013,330,2005,243,2052
26/06/2013,331,2005,244,2052
27/06/2013,331,2005,244,2052
28/06/2013,332,2005,245,2052
29/06/2013,332,2005,245,2051
30/06/2013,333,2004,246,2051
01/07/2013,334,2004,247,2051
02/07/2013,334,2004,248,2050
03/07/2013,335,2003,249,2050
04/07/2013,336,2003,250,2049
05/07/2013,337,2002,250,2048
06/07/2013,338,2002,251,2048
07/07/2013,338,2001,253,2047
08/07/2013,339,2001,254,2046
09/07/2013,340,2000,255,2045
10/07/2013,341,1959,256,2044
11/07/2013,342,1958,257,2043
12/07/2013,343,1957,259,2042
13/07/2013,345,1957,300,2041
14/07/2013,346,1956,301,2040
15/07/2013,347,1955,303,2039
16/07/2013,348,1954,304,2038
17/07/2013,349,1953,305,2036
18/07/2013,350,1952,307,2035
19/07/2013,352,1950,308,2034
20/07/2013,353,1949,310,2032
21/07/2013,354,1948,311,2031
22/07/2013,356,1947,313,2029
23/07/2013,357,1945,315,2028
24/07/2013,358,1944,316,2026
25/07/2013,400,1943,318,2024
26/07/2013,401,1941,319,2023
27/07/2013,403,1940,321,2021
28/07/2013,404,1938,323,2019
29/07/2013,405,1937,324,2018
30/07/2013,407,1935,326,2016
31/07/2013,408,1934,328,2014
01/08/2013,410,1932,330,2012
02/08/2013,411,1930,331,2010
03/08/2013,413,1929,333,2008
04/08/2013,414,1927,335,2006
05/08/2013,416,1925,336,2004
06/08/2013,417,1924,338,2002
07/08/2013,419,1922,340,2001
08/08/2013,420,1920,342,1959
09/08/2013,422,1918,343,1956
10/08/2013,424,1916,345,1954
11/08/2013,425,1914,347,1952
12/08/2013,427,1912,349,1950
13/08/2013,428,1911,351,1948
14/08/2013,430,1909,352,1946
15/08/2013,431,1907,354,1944
16/08/2013,433,1905,356,1942
17/08/2013,435,1903,358,1940
18/08/2013,436,1901,359,1937
19/08/2013,438,1859,401,1935
20/08/2013,439,1857,403,1933
21/08/2013,441,1855,405,1931
22/08/2013,442,1852,406,1928
23/08/2013,444,1850,408,1926
24/08/2013,446,1848,410,1924
25/08/2013,447,1846,411,1922
26/08/2013,449,1844,413,1919
27/08/2013,450,1842,415,1917
28/08/2013,452,1840,417,1915
29/08/2013,453,1837,418,1912
30/08/2013,455,1835,420,1910
31/08/2013,457,1833,422,1908
01/09/2013,458,1831,423,1905
02/09/2013,500,1829,425,1903
03/09/2013,501,1826,427,1901
04/09/2013,503,1824,428,1858
05/09/2013,504,1822,430,1856
06/09/2013,506,1820,432,1854
07/09/2013,508,1817,434,1851
08/09/2013,509,1815,435,1849
09/09/2013,511,1813,437,1847
10/09/2013,512,1811,439,1844
11/09/2013,514,1808,440,1842
12/09/2013,516,1806,442,1840
13/09/2013,517,1804,443,1837
14/09/2013,519,1802,445,1835
15/09/2013,520,1759,447,1833
16/09/2013,522,1757,448,1830
17/09/2013,523,1755,450,1828
18/09/2013,525,1752,452,1826
19/09/2013,527,1750,453,1823
20/09/2013,528,1748,455,1821
21/09/2013,530,1746,456,1819
22/09/2013,531,1743,458,1816
23/09/2013,533,1741,500,1814
24/09/2013,535,1739,501,1812
25/09/2013,536,1736,503,1809
26/09/2013,538,1734,505,1807
27/09/2013,539,1732,506,1805
28/09/2013,541,1730,508,1803
29/09/2013,543,1727,509,1800
30/09/2013,544,1725,511,1758
01/10/2013,546,1723,513,1756
02/10/2013,547,1720,514,1754
03/10/2013,549,1718,516,1751
04/10/2013,551,1716,517,1749
05/10/2013,552,1714,519,1747
06/10/2013,554,1712,521,1745
07/10/2013,556,1709,522,1743
08/10/2013,557,1707,524,1740
09/10/2013,559,1705,526,1738
10/10/2013,601,1703,527,1736
11/10/2013,602,1701,529,1734
12/10/2013,604,1658,530,1732
13/10/2013,606,1656,532,1730
14/10/2013,607,1654,534,1728
15/10/2013,609,1652,535,1726
16/10/2013,611,1650,537,1723
17/10/2013,612,1648,539,1721
18/10/2013,614,1646,540,1719
19/10/2013,616,1644,542,1717
20/10/2013,617,1642,543,1715
21/10/2013,619,1640,545,1713
22/10/2013,621,1638,547,1712
23/10/2013,622,1636,548,1710
24/10/2013,624,1634,550,1708
25/10/2013,626,1632,552,1706
26/10/2013,628,1630,553,1704
27/10/2013,629,1628,555,1702
28/10/2013,631,1626,557,1700
29/10/2013,633,1624,558,1659
30/10/2013,635,1622,600,1657
31/10/2013,636,1620,601,1655
01/11/2013,638,1619,603,1654
02/11/2013,640,1617,605,1652
03/11/2013,642,1615,606,1650
04/11/2013,643,1613,608,1649
05/11/2013,645,1612,610,1647
06/11/2013,647,1610,611,1646
07/11/2013,649,1608,613,1644
08/11/2013,650,1607,615,1643
09/11/2013,652,1605,616,1641
10/11/2013,654,1604,618,1640
11/11/2013,656,1602,619,1638
12/11/2013,657,1601,621,1637
13/11/2013,659,1559,623,1636
14/11/2013,701,1558,624,1634
15/11/2013,702,1557,626,1633
16/11/2013,704,1555,627,1632
17/11/2013,706,1554,629,1631
18/11/2013,707,1553,630,1630
19/11/2013,709,1551,632,1629
20/11/2013,711,1550,633,1628
21/11/2013,712,1549,635,1627
22/11/2013,714,1548,636,1626
23/11/2013,716,1547,638,1625
24/11/2013,717,1546,639,1624
25/11/2013,719,1545,641,1623
26/11/2013,720,1544,642,1622
27/11/2013,722,1543,643,1622
28/11/2013,723,1543,645,1621
29/11/2013,725,1542,646,1620
30/11/2013,726,1541,647,1620
01/12/2013,727,1541,649,1619
02/12/2013,729,1540,650,1619
03/12/2013,730,1540,651,1618
04/12/2013,731,1539,652,1618
05/12/2013,733,1539,654,1618
06/12/2013,734,1538,655,1617
07/12/2013,735,1538,656,1617
08/12/2013,736,1538,657,1617
09/12/2013,737,1537,658,1617
10/12/2013,739,1537,659,1617
11/12/2013,740,1537,700,1617
12/12/2013,741,1537,701,1617
13/12/2013,741,1537,702,1617
14/12/2013,742,1537,702,1617
15/12/2013,743,1537,703,1617
16/12/2013,744,1538,704,1617
17/12/2013,745,1538,705,1618
18/12/2013,745,1538,705,1618
19/12/2013,746,1538,706,1618
20/12/2013,747,1539,707,1619
21/12/2013,747,1539,707,1619
22/12/2013,748,1540,708,1620
23/12/2013,748,1540,708,1620
24/12/2013,749,1541,709,1621
25/12/2013,749,1542,709,1622
26/12/2013,749,1543,709,1622
27/12/2013,749,1543,709,1623
28/12/2013,750,1544,710,1624
29/12/2013,750,1545,710,1625
30/12/2013,750,1546,710,1626
31/12/2013,750,1547,710,1627
01/01/2014,750,1548,710,1628
02/01/2014,750,1549,710,1629
03/01/2014,749,1550,710,1630
04/01/2014,749,1551,710,1631
05/01/2014,749,1552,709,1632
06/01/2014,749,1554,709,1633
07/01/2014,748,1555,709,1634
08/01/2014,748,1556,709,1635
09/01/2014,747,1558,708,1637
10/01/2014,747,1559,708,1638
11/01/2014,746,1600,707,1639
12/01/2014,745,1602,707,1640
13/01/2014,745,1603,706,1642
14/01/2014,744,1605,706,1643
15/01/2014,743,1606,705,1645
16/01/2014,742,1608,704,1646
17/01/2014,741,1609,703,1647
18/01/2014,740,1611,703,1649
19/01/2014,739,1613,702,1650
20/01/2014,738,1614,701,1652
21/01/2014,737,1616,700,1653
22/01/2014,736,1618,659,1655
23/01/2014,735,1619,658,1657
24/01/2014,734,1621,657,1658
25/01/2014,733,1623,656,1700
26/01/2014,731,1625,655,1701
27/01/2014,730,1626,653,1703
28/01/2014,729,1628,652,1705
29/01/2014,727,1630,651,1706
30/01/2014,726,1632,650,1708
31/01/2014,724,1633,648,1709
01/02/2014,723,1635,647,1711
02/02/2014,721,1637,645,1713
03/02/2014,720,1639,644,1714
04/02/2014,718,1641,643,1716
05/02/2014,716,1642,641,1718
06/02/2014,715,1644,640,1720
07/02/2014,713,1646,638,1721
08/02/2014,711,1648,636,1723
09/02/2014,710,1650,635,1725
10/02/2014,708,1651,633,1726
11/02/2014,706,1653,631,1728
12/02/2014,704,1655,630,1730
13/02/2014,702,1657,628,1731
14/02/2014,701,1659,626,1733
15/02/2014,659,1701,624,1735
16/02/2014,657,1702,623,1737
17/02/2014,655,1704,621,1738
18/02/2014,653,1706,619,1740
19/02/2014,651,1708,617,1742
20/02/2014,649,1709,615,1743
21/02/2014,647,1711,613,1745
22/02/2014,645,1713,611,1747
23/02/2014,643,1715,609,1749
24/02/2014,641,1717,607,1750
25/02/2014,639,1718,605,1752
26/02/2014,637,1720,603,1754
27/02/2014,635,1722,601,1755
28/02/2014,632,1724,559,1757
01/03/2014,630,1725,557,1759
02/03/2014,628,1727,555,1801
03/03/2014,626,1729,553,1802
04/03/2014,624,1731,551,1804
05/03/2014,622,1732,549,1806
06/03/2014,620,1734,546,1807
07/03/2014,617,1736,544,1809
08/03/2014,615,1738,542,1811
09/03/2014,613,1739,540,1812
10/03/2014,611,1741,538,1814
11/03/2014,608,1743,535,1816
12/03/2014,606,1744,533,1818
13/03/2014,604,1746,531,1819
14/03/2014,602,1748,529,1821
15/03/2014,600,1750,527,1823
16/03/2014,557,1751,524,1824
17/03/2014,555,1753,522,1826
18/03/2014,553,1755,520,1828
19/03/2014,551,1756,517,1829
20/03/2014,548,1758,515,1831
21/03/2014,546,1800,513,1833
22/03/2014,544,1801,511,1835
23/03/2014,541,1803,508,1836
24/03/2014,539,1805,506,1838
25/03/2014,537,1806,504,1840
26/03/2014,535,1808,501,1841
27/03/2014,532,1810,459,1843
28/03/2014,530,1811,457,1845
29/03/2014,528,1813,454,1847
30/03/2014,526,1815,452,1848
31/03/2014,523,1816,450,1850
01/04/2014,521,1818,447,1852
02/04/2014,519,1820,445,1854
03/04/2014,517,1821,443,1855
04/04/2014,514,1823,440,1857
05/04/2014,512,1825,438,1859
06/04/2014,510,1826,436,1901
07/04/2014,508,1828,434,1902
08/04/2014,506,1830,431,1904
09/04/2014,503,1831,429,1906
10/04/2014,501,1833,427,1908
11/04/2014,459,1835,424,1909
12/04/2014,457,1836,422,1911
13/04/2014,455,1838,420,1913
14/04/2014,452,1839,417,1915
15/04/2014,450,1841,415,1916
16/04/2014,448,1843,413,1918
17/04/2014,446,1844,411,1920
18/04/2014,444,1846,408,1922
19/04/2014,442,1848,406,1924
20/04/2014,440,1849,404,1925
21/04/2014,438,1851,402,1927
22/04/2014,436,1853,359,1929
23/04/2014,434,1854,357,1931
24/04/2014,432,1856,355,1933
25/04/2014,430,1858,353,1935
26/04/2014,428,1859,351,1936
27/04/2014,426,1901,349,1938
28/04/2014,424,1903,346,1940
29/04/2014,422,1904,344,1942
30/04/2014,420,1906,342,1944
01/05/2014,418,1907,340,1946
02/05/2014,416,1909,338,1947
03/05/2014,414,1911,336,1949
04/05/2014,413,1912,334,1951
05/05/2014,411,1914,332,1953
06/05/2014,409,1915,330,1955
07/05/2014,407,1917,328,1956
08/05/2014,406,1919,326,1958
09/05/2014,404,1920,324,2000
10/05/2014,402,1922,322,2002
11/05/2014,401,1923,321,2004
12/05/2014,359,1925,319,2005
13/05/2014,358,1926,317,2007
14/05/2014,356,1928,315,2009
15/05/2014,355,1929,313,2011
16/05/2014,353,1931,312,2012
17/05/2014,352,1932,310,2014
18/05/2014,350,1934,309,2016
19/05/2014,349,1935,307,2017
20/05/2014,348,1937,305,2019
21/05/2014,346,1938,304,2021
22/05/2014,345,1939,302,2022
23/05/2014,344,1941,301,2024
24/05/2014,343,1942,300,2025
25/05/2014,342,1943,258,2027
26/05/2014,341,1945,257,2028
27/05/2014,340,1946,256,2030
28/05/2014,339,1947,254,2031
29/05/2014,338,1948,253,2033
30/05/2014,337,1949,252,2034
31/05/2014,336,1950,251,2035
01/06/2014,335,1952,250,2037
02/06/2014,334,1953,249,2038
03/06/2014,334,1954,248,2039
04/06/2014,333,1955,247,2040
05/06/2014,332,1956,247,2041
06/06/2014,332,1956,246,2043
07/06/2014,331,1957,245,2044
08/06/2014,331,1958,244,2045
09/06/2014,330,1959,244,2045
10/06/2014,330,2000,243,2046
11/06/2014,330,2000,243,2047
12/06/2014,329,2001,243,2048
13/06/2014,329,2002,242,2049
14/06/2014,329,2002,242,2049
15/06/2014,329,2003,242,2050
16/06/2014,329,2003,242,2050
17/06/2014,329,2004,241,2051
18/06/2014,329,2004,241,2051
19/06/2014,329,2004,242,2052
20/06/2014,329,2004,242,2052
21/06/2014,329,2005,242,2052
22/06/2014,329,2005,242,2052
23/06/2014,330,2005,242,2052
24/06/2014,330,2005,243,2052
25/06/2014,330,2005,243,2052
26/06/2014,331,2005,244,2052
27/06/2014,331,2005,244,2052
28/06/2014,332,2005,245,2052
29/06/2014,332,2005,245,2052
30/06/2014,333,2004,246,2051
01/07/2014,333,2004,247,2051
02/07/2014,334,2004,248,2050
03/07/2014,335,2003,248,2050
04/07/2014,336,2003,249,2049
05/07/2014,336,2002,250,2049
06/07/2014,337,2002,251,2048
07/07/2014,338,2001,252,2047
08/07/2014,339,2001,253,2046
09/07/2014,340,2000,255,2045
10/07/2014,341,1959,256,2045
11/07/2014,342,1959,257,2044
12/07/2014,343,1958,258,2042
13/07/2014,344,1957,300,2041
14/07/2014,345,1956,301,2040
15/07/2014,347,1955,302,2039
16/07/2014,348,1954,304,2038
17/07/2014,349,1953,305,2037
18/07/2014,350,1952,306,2035
19/07/2014,351,1951,308,2034
20/07/2014,353,1949,309,2032
21/07/2014,354,1948,311,2031
22/07/2014,355,1947,313,2029
23/07/2014,357,1946,314,2028
24/07/2014,358,1944,316,2026
25/07/2014,359,1943,317,2025
26/07/2014,401,1942,319,2023
27/07/2014,402,1940,321,2021
28/07/2014,404,1939,322,2020
29/07/2014,405,1937,324,2018
30/07/2014,407,1936,326,2016
31/07/2014,408,1934,327,2014
01/08/2014,410,1932,329,2013
02/08/2014,411,1931,331,2011
03/08/2014,413,1929,333,2009
04/08/2014,414,1927,334,2007
05/08/2014,416,1926,336,2005
06/08/2014,417,1924,338,2003
07/08/2014,419,1922,340,2001
08/08/2014,420,1920,341,1959
09/08/2014,422,1919,343,1957
10/08/2014,423,1917,345,1955
11/08/2014,425,1915,347,1953
12/08/2014,426,1913,348,1951
13/08/2014,428,1911,350,1949
14/08/2014,429,1909,352,1947
15/08/2014,431,1907,354,1944
16/08/2014,433,1905,355,1942
17/08/2014,434,1903,357,1940
18/08/2014,436,1901,359,1938
19/08/2014,437,1859,401,1936
20/08/2014,439,1857,402,1933
21/08/2014,440,1855,404,1931
22/08/2014,442,1853,406,1929
23/08/2014,444,1851,408,1927
24/08/2014,445,1849,409,1924
25/08/2014,447,1847,411,1922
26/08/2014,448,1844,413,1920
27/08/2014,450,1842,414,1918
28/08/2014,452,1840,416,1915
29/08/2014,453,1838,418,1913
30/08/2014,455,1836,420,1911
31/08/2014,456,1834,421,1908
01/09/2014,458,1831,423,1906
02/09/2014,459,1829,425,1904
03/09/2014,501,1827,426,1901
04/09/2014,503,1825,428,1859
05/09/2014,504,1822,430,1857
06/09/2014,506,1820,431,1854
07/09/2014,507,1818,433,1852
08/09/2014,509,1816,435,1850
09/09/2014,510,1813,436,1847
10/09/2014,512,1811,438,1845
11/09/2014,514,1809,440,1843
12/09/2014,515,1807,441,1840
13/09/2014,517,1804,443,1838
14/09/2014,518,1802,445,1836
15/09/2014,520,1800,446,1833
16/09/2014,521,1758,448,1831
17/09/2014,523,1755,450,1829
18/09/2014,525,1753,451,1826
19/09/2014,526,1751,453,1824
20/09/2014,528,1748,454,1822
21/09/2014,529,1746,456,1819
22/09/2014,531,1744,458,1817
23/09/2014,533,1742,459,1815
24/09/2014,534,1739,501,1812
25/09/2014,536,1737,503,1810
26/09/2014,537,1735,504,1808
27/09/2014,539,1732,506,1805
28/09/2014,541,1730,507,1803
29/09/2014,542,1728,509,1801
30/09/2014,544,1726,511,1759
01/10/2014,545,1723,512,1756
02/10/2014,547,1721,514,1754
03/10/2014,549,1719,515,1752
04/10/2014,550,1717,517,1750
05/10/2014,552,1714,519,1747
06/10/2014,554,1712,520,1745
07/10/2014,555,1710,522,1743
08/10/2014,557,1708,524,1741
09/10/2014,558,1705,525,1739
10/10/2014,600,1703,527,1737
11/10/2014,602,1701,528,1734
12/10/2014,603,1659,530,1732
13/10/2014,605,1657,532,1730
14/10/2014,607,1655,533,1728
15/10/2014,608,1653,535,1726
16/10/2014,610,1650,537,1724
17/10/2014,612,1648,538,1722
18/10/2014,614,1646,540,1720
19/10/2014,615,1644,541,1718
20/10/2014,617,1642,543,1716
21/10/2014,619,1640,545,1714
22/10/2014,620,1638,546,1712
23/10/2014,622,1636,548,1710
24/10/2014,624,1634,550,1708
25/10/2014,626,1632,551,1706
26/10/2014,627,1630,553,1704
27/10/2014,629,1628,555,1703
28/10/2014,631,1626,556,1701
29/10/2014,633,1624,558,1659
30/10/2014,634,1623,559,1657
31/10/2014,636,1621,601,1656
01/11/2014,638,1619,603,1654
02/11/2014,640,1617,604,1652
03/11/2014,641,1615,606,1651
04/11/2014,643,1614,608,1649
05/11/2014,645,1612,609,1647
06/11/2014,646,1610,611,1646
07/11/2014,648,1609,613,1644
08/11/2014,650,1607,614,1643
09/11/2014,652,1606,616,1641
10/11/2014,653,1604,617,1640
11/11/2014,655,1602,619,1639
12/11/2014,657,1601,621,1637
13/11/2014,659,1600,622,1636
14/11/2014,700,1558,624,1635
15/11/2014,702,1557,625,1634
16/11/2014,704,1556,627,1632
17/11/2014,705,1554,628,1631
18/11/2014,707,1553,630,1630
19/11/2014,709,1552,631,1629
20/11/2014,710,1551,633,1628
21/11/2014,712,1549,634,1627
22/11/2014,714,1548,636,1626
23/11/2014,715,1547,637,1625
24/11/2014,717,1546,639,1624
25/11/2014,718,1545,640,1623
26/11/2014,720,1545,642,1623
27/11/2014,721,1544,643,1622
28/11/2014,723,1543,644,1621
29/11/2014,724,1542,646,1621
30/11/2014,726,1541,647,1620
01/12/2014,727,1541,648,1620
02/12/2014,728,1540,650,1619
03/12/2014,730,1540,651,1619
04/12/2014,731,1539,652,1618
05/12/2014,732,1539,653,1618
06/12/2014,734,1538,654,1618
07/12/2014,735,1538,655,1617
08/12/2014,736,1538,657,1617
09/12/2014,737,1537,658,1617
10/12/2014,738,1537,659,1617
11/12/2014,739,1537,700,1617
12/12/2014,740,1537,701,1617
13/12/2014,741,1537,701,1617
14/12/2014,742,1537,702,1617
15/12/2014,743,1537,703,1617
16/12/2014,744,1538,704,1617
17/12/2014,745,1538,705,1618
18/12/2014,745,1538,705,1618
19/12/2014,746,1538,706,1618
20/12/2014,747,1539,706,1619
21/12/2014,747,1539,707,1619
22/12/2014,748,1540,708,1620
23/12/2014,748,1540,708,1620
24/12/2014,748,1541,708,1621
25/12/2014,749,1542,709,1622
26/12/2014,749,1542,709,1622
27/12/2014,749,1543,709,1623
28/12/2014,749,1544,710,1624
29/12/2014,750,1545,710,1625
30/12/2014,750,1546,710,1625
31/12/2014,750,1547,710,1626
01/01/2015,750,1548,710,1627
02/01/2015,750,1549,710,1628
03/01/2015,749,1550,710,1629
04/01/2015,749,1551,710,1630
05/01/2015,749,1552,710,1631
06/01/2015,749,1553,709,1633
07/01/2015,748,1555,709,1634
08/01/2015,748,1556,709,1635
09/01/2015,747,1557,708,1636
10/01/2015,747,1559,708,1638
11/01/2015,746,1600,707,1639
12/01/2015,746,1601,707,1640
13/01/2015,745,1603,706,1641
14/01/2015,744,1604,706,1643
15/01/2015,743,1606,705,1644
16/01/2015,742,1607,704,1646
17/01/2015,742,1609,704,1647
18/01/2015,741,1611,703,1649
19/01/2015,740,1612,702,1650
20/01/2015,739,1614,701,1652
21/01/2015,738,1616,700,1653
22/01/2015,736,1617,659,1655
23/01/2015,735,1619,658,1656
24/01/2015,734,1621,657,1658
25/01/2015,733,1622,656,1659
26/01/2015,732,1624,655,1701
27/01/2015,730,1626,654,1703
28/01/2015,729,1628,652,1704
29/01/2015,728,1629,651,1706
30/01/2015,726,1631,650,1707
31/01/2015,725,1633,649,1709
01/02/2015,723,1635,647,1711
02/02/2015,722,1637,646,1712
03/02/2015,720,1638,644,1714
04/02/2015,718,1640,643,1716
05/02/2015,717,1642,641,1717
06/02/2015,715,1644,640,1719
07/02/2015,714,1646,638,1721
08/02/2015,712,1647,637,1723
09/02/2015,710,1649,635,1724
10/02/2015,708,1651,633,1726
11/02/2015,707,1653,632,1728
12/02/2015,705,1655,630,1729
13/02/2015,703,1656,628,1731
14/02/2015,701,1658,627,1733
15/02/2015,659,1700,625,1734
16/02/2015,657,1702,623,1736
17/02/2015,655,1704,621,1738
18/02/2015,653,1705,619,1740
19/02/2015,651,1707,617,1741
20/02/2015,649,1709,616,1743
21/02/2015,647,1711,614,1745
22/02/2015,645,1713,612,1746
23/02/2015,643,1714,610,1748
24/02/2015,641,1716,608,1750
25/02/2015,639,1718,606,1752
26/02/2015,637,1720,604,1753
27/02/2015,635,1722,602,1755
28/02/2015,633,1723,600,1757
01/03/2015,631,1725,558,1758
02/03/2015,629,1727,555,1800
03/03/2015,627,1729,553,1802
04/03/2015,624,1730,551,1804
05/03/2015,622,1732,549,1805
06/03/2015,620,1734,547,1807
07/03/2015,618,1735,545,1809
08/03/2015,616,1737,543,1810
09/03/2015,613,1739,540,1812
10/03/2015,611,1741,538,1814
11/03/2015,609,1742,536,1815
12/03/2015,607,1744,534,1817
13/03/2015,605,1746,532,1819
14/03/2015,602,1747,529,1820
15/03/2015,600,1749,527,1822
16/03/2015,558,1751,525,1824
17/03/2015,556,1752,523,1826
18/03/2015,553,1754,520,1827
19/03/2015,551,1756,518,1829
20/03/2015,549,1758,516,1831
21/03/2015,547,1759,513,1832
22/03/2015,544,1801,511,1834
23/03/2015,542,1803,509,1836
24/03/2015,540,1804,507,1838
25/03/2015,538,1806,504,1839
26/03/2015,535,1808,502,1841
27/03/2015,533,1809,500,1843
28/03/2015,531,1811,457,1844
29/03/2015,528,1813,455,1846
30/03/2015,526,1814,453,1848
31/03/2015,524,1816,450,1850
01/04/2015,522,1818,448,1851
02/04/2015,519,1819,446,1853
03/04/2015,517,1821,443,1855
04/04/2015,515,1822,441,1857
05/04/2015,513,1824,439,1858
06/04/2015,510,1826,436,1900
07/04/2015,508,1827,434,1902
08/04/2015,506,1829,432,1904
09/04/2015,504,1831,429,1905
10/04/2015,502,1832,427,1907
11/04/2015,459,1834,425,1909
12/04/2015,457,1836,423,1911
13/04/2015,455,1837,420,1912
14/04/2015,453,1839,418,1914
15/04/2015,451,1841,416,1916
16/04/2015,449,1842,413,1918
17/04/2015,447,1844,411,1920
18/04/2015,445,1846,409,1921
19/04/2015,442,1847,407,1923
20/04/2015,440,1849,404,1925
21/04/2015,438,1851,402,1927
22/04/2015,436,1852,400,1929
23/04/2015,434,1854,358,1931
24/04/2015,432,1856,356,1932
25/04/2015,430,1857,353,1934
26/04/2015,428,1859,351,1936
27/04/2015,426,1901,349,1938
28/04/2015,424,1902,347,1940
29/04/2015,422,1904,345,1941
30/04/2015,420,1905,343,1943
01/05/2015,419,1907,341,1945
02/05/2015,417,1909,339,1947
03/05/2015,415,1910,337,1949
04/05/2015,413,1912,335,1951
05/05/2015,411,1913,333,1952
06/05/2015,409,1915,331,1954
07/05/2015,408,1917,329,1956
08/05/2015,406,1918,327,1958
09/05/2015,404,1920,325,2000
10/05/2015,403,1921,323,2001
11/05/2015,401,1923,321,2003
12/05/2015,400,1924,319,2005
13/05/2015,358,1926,317,2007
14/05/2015,356,1927,316,2008
15/05/2015,355,1929,314,2010
16/05/2015,353,1930,312,2012
17/05/2015,352,1932,311,2014
18/05/2015,351,1933,309,2015
19/05/2015,349,1935,307,2017
20/05/2015,348,1936,306,2019
21/05/2015,347,1938,304,2020
22/05/2015,345,1939,303,2022
23/05/2015,344,1940,301,2023
24/05/2015,343,1942,300,2025
25/05/2015,342,1943,259,2027
26/05/2015,341,1944,257,2028
27/05/2015,340,1945,256,2030
28/05/2015,339,1947,255,2031
29/05/2015,338,1948,254,2032
30/05/2015,337,1949,252,2034
31/05/2015,336,1950,251,2035
01/06/2015,335,1951,250,2036
02/06/2015,334,1952,249,2038
03/06/2015,334,1953,248,2039
04/06/2015,333,1954,248,2040
05/06/2015,332,1955,247,2041
06/06/2015,332,1956,246,2042
07/06/2015,331,1957,245,2043
08/06/2015,331,1958,245,2044
09/06/2015,330,1959,244,2045
10/06/2015,330,1959,243,2046
11/06/2015,330,2000,243,2047
12/06/2015,329,2001,243,2048
13/06/2015,329,2001,242,2048
14/06/2015,329,2002,242,2049
15/06/2015,329,2003,242,2050
16/06/2015,329,2003,242,2050
17/06/2015,329,2003,242,2051
18/06/2015,329,2004,241,2051
19/06/2015,329,2004,241,2051
20/06/2015,329,2004,242,2052
21/06/2015,329,2005,242,2052
22/06/2015,329,2005,242,2052
23/06/2015,329,2005,242,2052
24/06/2015,330,2005,243,2052
25/06/2015,330,2005,243,2052
26/06/2015,331,2005,243,2052
27/06/2015,331,2005,244,2052
28/06/2015,332,2005,245,2052
29/06/2015,332,2005,245,2052
30/06/2015,333,2004,246,2051
01/07/2015,333,2004,247,2051
02/07/2015,334,2004,247,2050
03/07/2015,335,2004,248,2050
04/07/2015,335,2003,249,2049
05/07/2015,336,2003,250,2049
06/07/2015,337,2002,251,2048
07/07/2015,338,2001,252,2047
08/07/2015,339,2001,253,2046
09/07/2015,340,2000,254,2046
10/07/2015,341,1959,255,2045
11/07/2015,342,1959,257,2044
12/07/2015,343,1958,258,2043
13/07/2015,344,1957,259,2042
14/07/2015,345,1956,301,2041
15/07/2015,346,1955,302,2039
16/07/2015,347,1954,303,2038
17/07/2015,349,1953,305,2037
18/07/2015,350,1952,306,2036
19/07/2015,351,1951,308,2034
20/07/2015,352,1950,309,2033
21/07/2015,354,1949,311,2031
22/07/2015,355,1947,312,2030
23/07/2015,356,1946,314,2028
24/07/2015,358,1945,315,2027
25/07/2015,359,1943,317,2025
26/07/2015,400,1942,319,2024
27/07/2015,402,1940,320,2022
28/07/2015,403,1939,322,2020
29/07/2015,405,1938,324,2018
30/07/2015,406,1936,325,2017
31/07/2015,408,1934,327,2015
01/08/2015,409,1933,329,2013
02/08/2015,411,1931,330,2011
03/08/2015,412,1930,332,2009
04/08/2015,414,1928,334,2007
05/08/2015,415,1926,336,2005
06/08/2015,417,1924,337,2003
07/08/2015,418,1923,339,2001
08/08/2015,420,1921,341,1959
09/08/2015,421,1919,343,1957
10/08/2015,423,1917,344,1955
11/08/2015,424,1915,346,1953
12/08/2015,426,1913,348,1951
13/08/2015,428,1911,350,1949
14/08/2015,429,1910,351,1947
15/08/2015,431,1908,353,1945
16/08/2015,432,1906,355,1943
17/08/2015,434,1904,357,1941
18/08/2015,435,1902,358,1938
19/08/2015,437,1900,400,1936
20/08/2015,439,1858,402,1934
21/08/2015,440,1856,404,1932
22/08/2015,442,1853,405,1929
23/08/2015,443,1851,407,1927
24/08/2015,445,1849,409,1925
25/08/2015,446,1847,411,1923
26/08/2015,448,1845,412,1920
27/08/2015,450,1843,414,1918
28/08/2015,451,1841,416,1916
29/08/2015,453,1839,417,1914
30/08/2015,454,1836,419,1911
31/08/2015,456,1834,421,1909
01/09/2015,457,1832,423,1907
02/09/2015,459,1830,424,1904
03/09/2015,501,1828,426,1902
04/09/2015,502,1825,428,1900
05/09/2015,504,1823,429,1857
06/09/2015,505,1821,431,1855
07/09/2015,507,1819,433,1853
08/09/2015,508,1816,434,1850
09/09/2015,510,1814,436,1848
10/09/2015,512,1812,438,1846
11/09/2015,513,1809,439,1843
12/09/2015,515,1807,441,1841
13/09/2015,516,1805,443,1839
14/09/2015,518,1803,444,1836
15/09/2015,519,1800,446,1834
16/09/2015,521,1758,448,1831
17/09/2015,523,1756,449,1829
18/09/2015,524,1754,451,1827
19/09/2015,526,1751,452,1824
20/09/2015,527,1749,454,1822
21/09/2015,529,1747,456,1820
22/09/2015,531,1744,457,1817
23/09/2015,532,1742,459,1815
24/09/2015,534,1740,501,1813
25/09/2015,535,1738,502,1811
26/09/2015,537,1735,504,1808
27/09/2015,539,1733,505,1806
28/09/2015,540,1731,507,1804
29/09/2015,542,1728,509,1801
30/09/2015,543,1726,510,1759
01/10/2015,545,1724,512,1757
02/10/2015,547,1722,513,1755
03/10/2015,548,1719,515,1752
04/10/2015,550,1717,517,1750
05/10/2015,551,1715,518,1748
06/10/2015,553,1713,520,1746
07/10/2015,555,1710,522,1744
08/10/2015,556,1708,523,1741
09/10/2015,558,1706,525,1739
10/10/2015,600,1704,526,1737
11/10/2015,601,1702,528,1735
12/10/2015,603,1659,530,1733
13/10/2015,605,1657,531,1731
14/10/2015,606,1655,533,1729
15/10/2015,608,1653,535,1727
16/10/2015,610,1651,536,1724
17/10/2015,611,1649,538,1722
18/10/2015,613,1647,539,1720
19/10/2015,615,1645,541,1718
20/10/2015,617,1643,543,1716
21/10/2015,618,1641,544,1714
22/10/2015,620,1639,546,1712
23/10/2015,622,1637,548,1711
24/10/2015,623,1635,549,1709
25/10/2015,625,1633,551,1707
26/10/2015,627,1631,553,1705
27/10/2015,629,1629,554,1703
28/10/2015,630,1627,556,1701
29/10/2015,632,1625,557,1700
30/10/2015,634,1623,559,1658
31/10/2015,636,1621,601,1656
01/11/2015,637,1619,602,1654
02/11/2015,639,1618,604,1653
03/11/2015,641,1616,606,1651
04/11/2015,643,1614,607,1649
05/11/2015,644,1612,609,1648
06/11/2015,646,1611,610,1646
07/11/2015,648,1609,612,1645
08/11/2015,650,1608,614,1643
09/11/2015,651,1606,615,1642
10/11/2015,653,1604,617,1640
11/11/2015,655,1603,619,1639
12/11/2015,656,1601,620,1638
13/11/2015,658,1600,622,1636
14/11/2015,700,1559,623,1635
15/11/2015,702,1557,625,1634
16/11/2015,703,1556,626,1633
17/11/2015,705,1555,628,1631
18/11/2015,707,1553,630,1630
19/11/2015,708,1552,631,1629
20/11/2015,710,1551,633,1628
21/11/2015,712,1550,634,1627
22/11/2015,713,1549,636,1626
23/11/2015,715,1548,637,1625
24/11/2015,716,1547,639,1624
25/11/2015,718,1546,640,1624
26/11/2015,719,1545,641,1623
27/11/2015,721,1544,643,1622
28/11/2015,722,1543,644,1621
29/11/2015,724,1542,645,1621
30/11/2015,725,1542,647,1620
01/12/2015,727,1541,648,1620
02/12/2015,728,1540,649,1619
03/12/2015,730,1540,651,1619
04/12/2015,731,1539,652,1618
05/12/2015,732,1539,653,1618
06/12/2015,733,1538,654,1618
07/12/2015,735,1538,655,1617
08/12/2015,736,1538,656,1617
09/12/2015,737,1538,657,1617
10/12/2015,738,1537,658,1617
11/12/2015,739,1537,659,1617
12/12/2015,740,1537,700,1617
13/12/2015,741,1537,701,1617
14/12/2015,742,1537,702,1617
15/12/2015,743,1537,703,1617
16/12/2015,744,1538,704,1617
17/12/2015,744,1538,704,1618
18/12/2015,745,1538,705,1618
19/12/2015,746,1538,706,1618
20/12/2015,746,1539,706,1619
21/12/2015,747,1539,707,1619
22/12/2015,747,1540,707,1620
23/12/2015,748,1540,708,1620
24/12/2015,748,1541,708,1621
25/12/2015,749,1541,709,1621
26/12/2015,749,1542,709,1622
27/12/2015,749,1543,709,1623
28/12/2015,749,1544,710,1624
29/12/2015,750,1545,710,1624
30/12/2015,750,1545,710,1625
31/12/2015,750,1546,710,1626
